"ExternalID";"Name";"NameDescription";"Price";"Sku";"Currency";"Categories";"Images";"Unit";"InStock";"IsAvailable";"Alias";"MetaTitle";"MetaDescription";"MetaKeywords";"ShortDescription";"Минимальный заказ";"Кратность"
"salesbox-a74546a6-f4fd-477a-ae3c-727485f967a4";"Lux Bouquet - The Ultimate Luxury Floral Arrangement";"Discover the epitome of elegance with our Lux Bouquet, crafted from the biggest and most luxurious flowers available. This stunning arrangement features a thoughtful selection of premium blooms, designed to impress and captivate. Perfect for any grand occasion, gift or simply to indulge in the beauty of nature, our Lux Bouquet is a statement piece that embodies sophistication and opulence. Elevate your floral gifting experience with flowers that truly stand out and convey your deepest sentiments.";"5525";"a74546a6-f4fd-477a-ae3c-727485f967a4";"UAH";"Букети";"https://d3og57k1dk4307.cloudfront.net/nouvelflowersnow/original/services/56a8707a-f7fe-4194-a946-d42c2d6c1bcf.jpg";"шт";"999";"Available";"lux-bouquet-the-ultimate-luxury-floral-arrangement";"Lux Bouquet - The Ultimate Luxury Floral Arrangement";"Lux Bouquet - The Ultimate Luxury Floral Arrangement. Discover the epitome of elegance with our Lux Bouquet, crafted from the biggest and most luxurious fl";"";"Discover the epitome of elegance with our Lux Bouquet, crafted from the biggest and most luxurious flowers available. This stunning arrangement features a thoughtful selection of premium blooms, designed to impress and captivate. Perfect fo";"1";"1"
"NF-BQT-0001";"Букет Ciel Apricot";"Вишуканий букет у м’якій пастельній палітрі з акцентом на персикові, лавандові та блакитні відтінки. Композиція виглядає свіжо, легко та делікатно, тому ідеально підходить для дня народження, побачення, подяки або просто красивого  жесту без зайвих слів. Стильне пакування підкреслює преміальний характер букета й робить його готовим подарунком без додаткового оформлення. Увага: у разі відсутності окремих квітів у наявності, вони можуть бути замінені на аналогічні або дорожчі за наш рахунок. При цьому ми обов’язково зберігаємо кольорову гаму, стилістику, форму, об’єм та ключові характеристики букета.";"2499";"459dbe7c-6267-4c80-9b4d-28a8100f75e7";"UAH";"Букети";"https://sales-box-photos.s3-eu-central-1.amazonaws.com/nouvelflowersnow/original/services/5eb8c3fb-3147-4721-b3d7-b44c9ed98462.jpg";"шт";"999";"Available";"ciel-apricot";"Букет Ciel Apricot";"Букет Ciel Apricot. Вишуканий букет у м’якій пастельній палітрі з акцентом на персикові, лавандові та блакитні відтінки. Композиція виглядає свіжо, легко т";"";"Вишуканий букет у м’якій пастельній палітрі з акцентом на персикові, лавандові та блакитні відтінки. Композиція виглядає свіжо, легко та делікатно, тому ідеально підходить для дня народження, побачення, подяки або просто красивого жесту без";"1";"1"
"NF-BX-0001";"Квіти в коробці Rosé Jardin";"Об’ємна квіткова композиція у фірмовій коробці Nouvel Amour, створена для яскравого враження з першого погляду. Поєднання ніжно-рожевих квітів і соковитих зелених акцентів виглядає дорого, трендово й дуже фотогенічно. Такий формат особливо зручний як готовий подарунок, адже композиція вже оформлена, стильно подана та не потребує додаткової упаковки, вази та води) 
Увага: у разі відсутності окремих квітів у наявності, вони можуть бути замінені на аналогічні або дорожчі за наш рахунок. При цьому ми обов’язково зберігаємо кольорову гаму, стилістику, форму, об’єм та ключові характеристики букета.";"3840";"73e393e4-e359-48f1-8246-a813771285ec";"UAH";"Квіти в коробках";"https://sales-box-photos.s3-eu-central-1.amazonaws.com/nouvelflowersnow/original/services/20e73f3c-7be6-44ed-9efa-00d8e1214c7b.jpg";"шт";"999";"Available";"rose-jardin";"Квіти в коробці Rosé Jardin";"Квіти в коробці Rosé Jardin. Об’ємна квіткова композиція у фірмовій коробці Nouvel Amour, створена для яскравого враження з першого погляду. Поєднання ніжн";"";"Об’ємна квіткова композиція у фірмовій коробці Nouvel Amour, створена для яскравого враження з першого погляду. Поєднання ніжно-рожевих квітів і соковитих зелених акцентів виглядає дорого, трендово й дуже фотогенічно. Такий формат особливо ";"1";"1"
"NF-BQT-0002";"Букет Vert Élégance";"Елегантний букет у білому та зеленому відтінках з відчуттям свіжості, легкості та дорогого мінімалізму. Така композиція виглядає статусно, делікатно і дуже універсально - підходить як для особливого привітання, так і для бізнес-подарунка. Це букет для тих, хто цінує стриману красу, натуральність і преміальну подачу. Для кого:
Для жінки, керівника, колеги, мами, подруги

Привід:
Привітання, подяка, бізнес-подарунок, день народження, універсальний подарунок 

Увага: у разі відсутності окремих квітів у наявності, вони можуть бути замінені на аналогічні або дорожчі за наш рахунок. При цьому ми обов’язково зберігаємо кольорову гаму, стилістику, форму, об’єм та ключові характеристики букета.";"2360";"a7c9d096-5b37-47c7-ae65-644de9708c3f";"UAH";"Букети";"https://sales-box-photos.s3-eu-central-1.amazonaws.com/nouvelflowersnow/original/services/55539eb3-af4f-40bc-ba18-94f0ad2b91d2.jpg";"шт";"999";"Available";"vert-elegance";"Букет Vert Élégance";"Букет Vert Élégance. Елегантний букет у білому та зеленому відтінках з відчуттям свіжості, легкості та дорогого мінімалізму. Така композиція виглядає стату";"";"Елегантний букет у білому та зеленому відтінках з відчуттям свіжості, легкості та дорогого мінімалізму. Така композиція виглядає статусно, делікатно і дуже універсально - підходить як для особливого привітання, так і для бізнес-подарунка. Ц";"1";"1"
"10685914";"Букет L’Amour Sombre";"Темна сторона романтики - зухвала, стильна, немов ніч у Парижі.Букет, який не намагається сподобатись - він знає, хто він є.⠀Глибокі бордові троянди, благородний антуріум, біла гіпсофіла -це не просто квіти, це ароматна впевненість у коробці елегантності.⠀ Ідеальний для неї, для нього, для себе -якщо хочеться подарунку з вайбом Dior та енергетикою The Weeknd.⠀Оформлений у фірмову упаковку «Nouvel Amour» -лакшері до кінчиків стрічки.";"2875";"7d96d42c-a4d6-47d6-890c-5e429705827d";"UAH";"Букети";"https://www.nouvelamour.kiev.ua/Media/shop-29325/IMG_0060.png";"шт";"999";"Available";"l-amour-sombre";"Букет L’Amour Sombre";"Букет L’Amour Sombre. Темна сторона романтики - зухвала, стильна, немов ніч у Парижі.Букет, який не намагається сподобатись - він знає, хто він є.⠀Глибокі ";"";"Темна сторона романтики - зухвала, стильна, немов ніч у Парижі.Букет, який не намагається сподобатись - він знає, хто він є.⠀Глибокі бордові троянди, благородний антуріум, біла гіпсофіла -це не просто квіти, це ароматна впевненість у коробц";"1";"1"
"10686116";"Кулька Happy Birthday фольгована";"Кулька з гелієм з написом ""Happy Birthday"" - це чудовий вибір для святкування дня народження. Вони додають атмосфері свята особливого шарму та радості.";"250";"c3f2fd54-5716-4fd5-a0f7-cac98ce21a5f";"UAH";"Повітряні Кульки";"https://www.nouvelamour.kiev.ua/Media/shop-29325/SparklingFizzRoseGold.jpg";"шт";"999";"Available";"happy-birthday";"Кулька Happy Birthday фольгована";"Кулька Happy Birthday фольгована. Кулька з гелієм з написом ""Happy Birthday"" - це чудовий вибір для святкування дня народження. Вони додають атмосфері свят";"";"Кулька з гелієм з написом ""Happy Birthday"" - це чудовий вибір для святкування дня народження. Вони додають атмосфері свята особливого шарму та радості.";"1";"1"
"10833611";"Арома Лампа White";"Арома лампаWhite Арома лампа White - це стильний і функціональний аксесуар для вашого дому. Її дизайн включає керамічну тарілочку, що служить для нагрівання ароматичних олій або саше, наповнюючи приміщення приємним ароматом. Особливості арома лампи: 1 Кераміка відзначається своєю довговічністю та естетичністю. 2. Сучасний та мінімалістичний вигляд підходить до будь-якого інтер'єру. 3. Підходить як для рідких ароматичних олій, так і сухих саше. 4. Нагріваючи тарілочку з аромамаслом або саше, вона поступово випускає насичені запахи в повітря. 5. Простота конструкції робить її безпечною у використанні вдома чи в офісі. Спосіб застосування: - Налийте кілька крапель вашої улюбленої ефірної олії на керамічну тарілочку або помістіть зверху саше. - запаліть свічку всередині підставки, щоб почати процес нагрівання. - Насолоджуйтеся атмосферою затишку й релаксації завдяки обраному аромату. Цей виріб стане чудовим подарунком як собі, так і близьким людям!";"474";"f250fda3-29fb-49b4-9d32-ffd6a689b9d9";"UAH";"Декор та подарунки";"https://www.nouvelamour.kiev.ua/Media/shop-29325/мак/IMG_4572.jpeg";"шт";"999";"Available";"shop/aroma-lampa-white";"Арома Лампа White";"Арома Лампа White. Арома лампаWhite Арома лампа White - це стильний і функціональний аксесуар для вашого дому. Її дизайн включає керамічну тарілочку, що сл";"";"Арома лампаWhite Арома лампа White - це стильний і функціональний аксесуар для вашого дому. Її дизайн включає керамічну тарілочку, що служить для нагрівання ароматичних олій або саше, наповнюючи приміщення приємним ароматом. Особливості аро";"1";"1"
"10929776";"Jardin Rosé - Bouquet lumineux de fleurs tendres";"Jardin Rosé - букет для тонкого жесту уваги. Jardin Rosé - букет для тонкого жесту уваги. Ніжний, збалансований, емоційний. Цей букет - не просто квіти, а мова дотиків, делікатна подяка або знак симпатії. У композиції зустрічаються романтика рожевої гербери, оксамитовість садової троянди та світло гортензії - усе зібрано у щедрий об’єм з пастельною душею. Ідеально для:• ранкового жесту, який скаже більше, ніж слова• “дякую” після зустрічі, яка змінює все• подарунка для жінки, яка живе естетикою Склад композиції: Гербери рожеві (premium) Садові троянди кількох відтінків Гортензія світла Еустома біла Евкаліпт, сезонна зелень Оформлення: Мінімалістичне, у стилі ""blush couture"" - пудрово-рожева флористична плівка + подвійна атласна стрічка кольору перлинного ружу. Доставка: • Експрес-доставка по Києву - 1,5-2 години• Упакування в коробку (на вимогу)• Можливість анонімної доставки Листівка : Можемо підписати від вашого імені або залишити пустою - як побажаєте.";"2445";"0b9f58f2-b71f-4bd2-85ac-71c302fa3995";"UAH";"Букети";"https://www.nouvelamour.kiev.ua/Media/shop-29325/main page/Photoroom_045_20250618_153404.png";"шт";"999";"Available";"jardin-rose-bouquet-lumineux-de-fleurs-tendres";"Jardin Rosé - Bouquet lumineux de fleurs tendres";"Jardin Rosé - Bouquet lumineux de fleurs tendres. Jardin Rosé - букет для тонкого жесту уваги. Jardin Rosé - букет для тонкого жесту уваги. Ніжний, збаланс";"";"Jardin Rosé - букет для тонкого жесту уваги. Jardin Rosé - букет для тонкого жесту уваги. Ніжний, збалансований, емоційний. Цей букет - не просто квіти, а мова дотиків, делікатна подяка або знак симпатії. У композиції зустрічаються романтик";"1";"1"
"10935618";"Velours Violet - Фіолетовий вельвет";"Velours Violet - букет із гіацинтом і гортензією Velours Violet - букет для жінки, яка має смак до глибини.Це витончене поєднання пудрових троянд, гіацинта, фіолетової капусти та кремової гортензії - немов вечірній настрій у квітах. Підкреслено контрастний, з аристократичним звучанням. Ідеальний для:• витонченого побачення• арт-вітання на день народження• особливих випадків, коли «просто букет» - недостатньо Зверніть увагу: у разі відсутності окремих квітів ми можемо здійснити делікатну заміну на еквівалентну за кольором та стилем - без зміни загального вигляду та цінової категорії композиції.";"2817";"9b9babd6-7517-4e0d-ab7c-7a568047be58";"UAH";"Букети";"https://www.nouvelamour.kiev.ua/Media/shop-29325/main page/Photoroom_037_20250618_153404.png";"шт";"999";"Available";"shop/velours-violet-bouquet-hydrangea-hyacinth";"Velours Violet - Фіолетовий вельвет";"Velours Violet - Фіолетовий вельвет. Velours Violet - букет із гіацинтом і гортензією Velours Violet - букет для жінки, яка має смак до глибини.Це витончен";"";"Velours Violet - букет із гіацинтом і гортензією Velours Violet - букет для жінки, яка має смак до глибини.Це витончене поєднання пудрових троянд, гіацинта, фіолетової капусти та кремової гортензії - немов вечірній настрій у квітах. Підкрес";"1";"1"
"10935623";"Haute Amour - Букет у рожевій коробці з піоновими трояндами";"Haute Amour - розкішна композиція у фірмовій рожевій коробці з піоновими трояндами SilvaPink, лізіантусами, евкаліптом і сезонними акцентами.Насичені рожеві відтінки створюють романтичний та статусний образ, який запам’ятовується. Квіткова коробка Nouvel Amour Ідеально для:• освідчення в коханні• дня народження мами або подруги• вдячності “без приводу” У разі відсутності окремих квітів можлива делікатна заміна на рівноцінні - з дотриманням стилю, кольору та вартості.";"4485";"b3c2ca8d-7172-4bcf-9918-02cdb23e7e8f";"UAH";"Квіти в коробках";"https://www.nouvelamour.kiev.ua/Media/shop-29325/main page/IMG_1719.jpg";"шт";"999";"Available";"shop/haute-amour--buket-u-rozheviy-korobtsi-z-pionovimi-troyandami";"Haute Amour - Букет у рожевій коробці з піоновими трояндами";"Haute Amour - Букет у рожевій коробці з піоновими трояндами. Haute Amour - розкішна композиція у фірмовій рожевій коробці з піоновими трояндами SilvaPink, ";"";"Haute Amour - розкішна композиція у фірмовій рожевій коробці з піоновими трояндами SilvaPink, лізіантусами, евкаліптом і сезонними акцентами.Насичені рожеві відтінки створюють романтичний та статусний образ, який запам’ятовується. Квіткова ";"1";"1"
"10939420";"Rosé Poésie - Букет з півоніями та гортензією";"Velours Violet - букет із гіацинтом і гортензією Rosé Poésie - ніжна квіткова композиція у пастельних відтінках з кремово-рожевої гортензії, тюльпанів, півоній, фіолетової матіоли та витких ліній вероніки. Ідеальний вибір для подяки, зізнання в коханні або стильного компліменту. Деякі квіти можуть бути замінені за відсутності, але без зміни загального стилю, кольорової гами та композиції. Швидка кур'єрська доставка по Києву - того ж дня.";"3455";"43bdfc4e-92be-42e0-8c35-c130065f98da";"UAH";"Авторські роботи By Lesnikov";"https://www.nouvelamour.kiev.ua/Media/shop-29325/main page/Photoroom_20250613_035352.png";"шт";"999";"Available";"shop/Rosé Poésie";"Rosé Poésie - Букет з півоніями та гортензією";"Rosé Poésie - Букет з півоніями та гортензією. Velours Violet - букет із гіацинтом і гортензією Rosé Poésie - ніжна квіткова композиція у пастельних відтін";"";"Velours Violet - букет із гіацинтом і гортензією Rosé Poésie - ніжна квіткова композиція у пастельних відтінках з кремово-рожевої гортензії, тюльпанів, півоній, фіолетової матіоли та витких ліній вероніки. Ідеальний вибір для подяки, зізнан";"1";"1"
"10998897";"Scarlet Emotion - це чуттєвий букет, що передає пристрасть і глибину.";"Scarlet Emotion - це чуттєвий букет, що передає пристрасть і глибину. Яскраві червоні троянди, антуріум, рожеві тюльпани та евкаліпт створюють композицію, яка захоплює подих. Ідеальний подарунок для зізнання у коханні чи пристрасного компліменту.Квіти можуть незначно змінюватися, але загальний стиль і палітра збережені.";"1750";"5e58b9be-30b1-4b62-994e-5ba6a58ba8cd";"UAH";"Букети";"https://www.nouvelamour.kiev.ua/Media/shop-29325/main page/IMG_9975.png";"шт";"999";"Available";"shop/scarlet-emotion--tse-chutteviy-buket-scho-peredae-pristrast-i-glibinu-";"Scarlet Emotion - це чуттєвий букет, що передає пристрасть і глибину.";"Scarlet Emotion - це чуттєвий букет, що передає пристрасть і глибину.. Scarlet Emotion - це чуттєвий букет, що передає пристрасть і глибину. Яскраві червон";"";"Scarlet Emotion - це чуттєвий букет, що передає пристрасть і глибину. Яскраві червоні троянди, антуріум, рожеві тюльпани та евкаліпт створюють композицію, яка захоплює подих. Ідеальний подарунок для зізнання у коханні чи пристрасного комплі";"1";"1"
"10998905";"Букет White Poetry";"Букет White Poetry - це витончене поєднання білих гвоздик, еустоми, жовтих акцентів та свіжої зелені. Символ чистоти, нових починань і гармонії. Ідеальний подарунок на весілля, день народження, хрестини чи подяку. ✅ Елегантне оформлення в ніжно-зеленому пакуванні✅ Збалансована композиція зі свіжих сезонних квітів✅ Можлива делікатна заміна квітів при збереженні кольорової гами та форми Доставка по Києву в день замовлення.";"2199";"bd1c7615-782c-485d-9f0e-c125a0021b8c";"UAH";"Букети";"https://www.nouvelamour.kiev.ua/Media/shop-29325/main page/IMG_9981.png";"шт";"999";"Available";"shop/buket-white-poetry";"Букет White Poetry";"Букет White Poetry. Букет White Poetry - це витончене поєднання білих гвоздик, еустоми, жовтих акцентів та свіжої зелені. Символ чистоти, нових починань і ";"";"Букет White Poetry - це витончене поєднання білих гвоздик, еустоми, жовтих акцентів та свіжої зелені. Символ чистоти, нових починань і гармонії. Ідеальний подарунок на весілля, день народження, хрестини чи подяку. ✅ Елегантне оформлення в н";"1";"1"
"salesbox-34796adc-ca70-4cef-99be-feb0af208086";"Panier Bleu Stitch";"Подаруйте казку - унікальний квітковий кошик Panier Bleu Stitch об'єднує чарівний світ квітів і дитячої радості. Композиція втілює ніжність і турботу, ідеально підходить для привітання малюка, на день народження чи як зворушливий знак уваги. Головна ""родзинка"" - м'яка іграшка Стіч, яка не тільки прикрашає кошик, але й залишається приємним спогадом. Витримана у пастельно-блакитній гамі, ця композиція виглядає стильно, гармонійно і фотогенічно - ідеально підходить для фото та подарунків. У разі відсутності деяких квітів із зазначеного складу, вони можуть бути замінені на аналогічні за кольором та формою, без зміни стилю композиції. Навіть якщо вартість замінних квітів буде вищою - фінальна ціна залишиться незмінною для отримувача.";"6155";"c7b09414-e2b3-4f5c-9eb0-9db76a8319b3";"UAH";"Авторські роботи By Lesnikov";"https://sales-box-photos.s3-eu-central-1.amazonaws.com/nouvelflowersnow/original/services/0b7916d1-022a-4f5c-8d1c-d41a52ce4302.jpg";"шт";"999";"Available";"panier-bleu-stitch";"Panier Bleu Stitch";"Panier Bleu Stitch. Подаруйте казку - унікальний квітковий кошик Panier Bleu Stitch об'єднує чарівний світ квітів і дитячої радості. Композиція втілює ніжн";"";"Подаруйте казку - унікальний квітковий кошик Panier Bleu Stitch об'єднує чарівний світ квітів і дитячої радості. Композиція втілює ніжність і турботу, ідеально підходить для привітання малюка, на день народження чи як зворушливий знак уваги";"1";"1"
"11133708";"Зайчик Bunny";"Цей миленький плюшевий зайчик Bunny стане чудовим подарунком для будь-якої вікової категорії! Завдяки м’якому плюшу і великим, ласкавим вухам, цей зайчик точно підкорить ваше серце. Ідеально підходить для дітей як іграшка або для тих, хто шукає символізм ніжності та любові. Зайчик Bunny може бути чудовим супутником для дитячих ігор, подарунком на свято чи навіть частиною будь-якої квіткової композиції, створюючи таким чином унікальний та милий презент. 笠 Склад: М’яка плюшева іграшка зайчик із ніжним хутром, м'які, гнучкі вушка.";"650";"7a12d65a-aa77-47e7-bab3-54cde4fcb40d";"UAH";"Додавай до квітів";"https://www.nouvelamour.kiev.ua/Media/shop-29325/placeholder(10).jpeg";"шт";"999";"Available";"bunny";"Зайчик Bunny";"Зайчик Bunny. Цей миленький плюшевий зайчик Bunny стане чудовим подарунком для будь-якої вікової категорії! Завдяки м’якому плюшу і великим, ласкавим вухам";"";"Цей миленький плюшевий зайчик Bunny стане чудовим подарунком для будь-якої вікової категорії! Завдяки м’якому плюшу і великим, ласкавим вухам, цей зайчик точно підкорить ваше серце. Ідеально підходить для дітей як іграшка або для тих, хто ш";"1";"1"
"11142505";"Symphonie des Fleurs - Édition spéciale";"Вибір для тих, хто шукає елегантність і стиль у кожному елементі. Букет ""Symphonie des Fleurs"" - це чудова композиція з півоній, анемон та елегантних зелених елементів, які ідеально поєднуються для створення неповторного витвору мистецтва. Це ідеальний варіант для будь-якої урочистої події чи просто для того, щоб зробити чийсь день особливим. До кожного букета додається спеціальна інструкція і підживка для збереження свіжості квітів у вазі. У разі відсутності деяких квітів, вони будуть замінені на ідентичні, зберігаючи загальну композицію і кольорову гаму.";"2785";"e16dffed-0d26-4c67-b331-aa48929dd62a";"UAH";"Квіти в коробках";"https://www.nouvelamour.kiev.ua/Media/shop-29325/placeholder(15).jpeg";"шт";"999";"Available";"shop/symphonie-des-fleurs--edition-speciale";"Symphonie des Fleurs - Édition spéciale";"Symphonie des Fleurs - Édition spéciale. Вибір для тих, хто шукає елегантність і стиль у кожному елементі. Букет ""Symphonie des Fleurs"" - це чудова компози";"";"Вибір для тих, хто шукає елегантність і стиль у кожному елементі. Букет ""Symphonie des Fleurs"" - це чудова композиція з півоній, анемон та елегантних зелених елементів, які ідеально поєднуються для створення неповторного витвору мистецтва. ";"1";"1"
"salesbox-b5991794-7eae-428d-b353-0b31b9b1cc06";"М'який плюшевий ведмедик";"Тедді-бір, м'який плюшевий ведмедик, стане чудовим подарунком для вашої малечі або близької людини. Він створений з м'якого та приємного на дотик матеріалу, доступний в двох кольорах - сірому та зеленому. Ці ведмедики мають на собі брендовану наклейку та забезпечать тепло і комфорт у кожному обіймі. Висота кожного ведмедика - 30 см, ідеальний для обіймів і дружнього подарунка. Склад: М'який плюш. Брендована етикетка. Попередження: У разі відсутності одного з кольорів, ведмедик буде замінений на інший кольоровий варіант, зберігаючи високу якість і дизайн.";"685";"d2dad086-4fcb-449f-95bd-8b7b3c261f04";"UAH";"Іграшки";"https://www.nouvelamour.kiev.ua/Media/shop-29325/placeholder(9).jpeg";"шт";"999";"Available";"";"М'який плюшевий ведмедик";"М'який плюшевий ведмедик. Тедді-бір, м'який плюшевий ведмедик, стане чудовим подарунком для вашої малечі або близької людини. Він створений з м'якого та пр";"";"Тедді-бір, м'який плюшевий ведмедик, стане чудовим подарунком для вашої малечі або близької людини. Він створений з м'якого та приємного на дотик матеріалу, доступний в двох кольорах - сірому та зеленому. Ці ведмедики мають на собі брендова";"1";"1"
"11215608";"Lapin Printanier зайчик";"Lapin Printanier - це чарівний плюшевий зайчик, який втілює атмосферу весняної свіжості та радості. У нього зелений сукня з квітковим малюнком, а також милі жовті аксесуари, які додають елегантності та легкості цьому декору. Ідеально підходить як для декору вашого дому, так і для подарунка на свято. Кожен зайчик створений вручну з якісних матеріалів, що гарантує довговічність і м'якість. Це чудовий елемент декору для вашої оселі, або милий подарунок до святкових подій.";"1440";"1a13d9bb-e537-4164-9028-97601beb0f64";"UAH";"Іграшки";"https://www.nouvelamour.kiev.ua/Media/shop-29325/placeholder(3).jpeg";"шт";"999";"Available";"lapin-printanier";"Lapin Printanier зайчик";"Lapin Printanier зайчик. Lapin Printanier - це чарівний плюшевий зайчик, який втілює атмосферу весняної свіжості та радості. У нього зелений сукня з квітко";"";"Lapin Printanier - це чарівний плюшевий зайчик, який втілює атмосферу весняної свіжості та радості. У нього зелений сукня з квітковим малюнком, а також милі жовті аксесуари, які додають елегантності та легкості цьому декору. Ідеально підход";"1";"1"
"11272622";"Автопарфум LOST CHERY";"Автопарфум LOST CHERY Aroma | Автодифузор Lost Cherry | Преміум аромат для авто. Замовляйте автодифузор Lost Cherry від Nouvel Amour Aroma - унікальний аромат із дерев’яною кришкою, виготовлений вручну в Україні. Для авто та за ради приємної подорожі Відчуйте витончену атмосферу з перших секунд поїздки - представляємо Élixir Cerise Perdue, унікальний автодифузор з ароматом стиглої вишні, створений з турботою про деталі. Парфумерна композиція класу люкс Дерев'яна кришка для природної дифузії Ідеально пасує в салон авто як елемент стилю Авторське виробництво в Україні Це більше, ніж просто аромат - це стан душі за кермом.";"280";"6bc95770-55d0-409e-afd9-142569c6c5e2";"UAH";"Автомобільні дифузери";"https://d3og57k1dk4307.cloudfront.net/nouvelflowersnow/original/services/b12b859b-4777-4888-8609-150be3e801fe.jpg";"шт";"999";"Available";"shop/avtoparfum-lost-chery";"Автопарфум LOST CHERY";"Автопарфум LOST CHERY. Автопарфум LOST CHERY Aroma | Автодифузор Lost Cherry | Преміум аромат для авто. Замовляйте автодифузор Lost Cherry від Nouvel Amour";"";"Автопарфум LOST CHERY Aroma | Автодифузор Lost Cherry | Преміум аромат для авто. Замовляйте автодифузор Lost Cherry від Nouvel Amour Aroma - унікальний аромат із дерев’яною кришкою, виготовлений вручну в Україні. Для авто та за ради приємно";"1";"1"
"11272755";"Квіткова композиція ""Spring Tenderness"" у дерев’яному кошику";"Витончена квіткова композиція у дерев’яній коробці. Живі квіти преміум-класу: ніжні рожеві троянди, орхідеї та евкаліпт. Подаруйте атмосферу свята. Ця квіткова композиція - гармонія природи та естетики. Унікальне поєднання: Живі рожеві троянди - символ ніжності та любовіВеликі квітки орхідеї - вишуканість та розкіш Свіже листя евкаліпту - природна свіжість і баланс Усе це розміщено в дерев’яній коробці ручної роботи. Ідеально підходить:- як подарунок на День народження чи ювілей- для декору дому, офісу або фотозони- як флористичний комплімент для особливої людини Композиція поставляється з захистом для транспортування.  Зверніть увагу: у випадку тимчасової відсутності деяких квітів, ми замінимо їх на максимально схожі або дорожчі аналоги за наш рахунок. Наші флористи дотримаються стилю, відтінків і естетики букета.";"1625";"a037e6d4-04b0-48ab-b59c-c7eb2a9ea096";"UAH";"Букети";"https://www.nouvelamour.kiev.ua/Media/shop-29325/IMG_1906.png";"шт";"999";"Available";"shop/kvitkova-kompozitsiya--spring-tenderness-u-derevyanomu-koshiku";"Квіткова композиція ""Spring Tenderness"" у дерев’яному кошику";"Квіткова композиція ""Spring Tenderness"" у дерев’яному кошику. Витончена квіткова композиція у дерев’яній коробці. Живі квіти преміум-класу: ніжні рожеві тр";"";"Витончена квіткова композиція у дерев’яній коробці. Живі квіти преміум-класу: ніжні рожеві троянди, орхідеї та евкаліпт. Подаруйте атмосферу свята. Ця квіткова композиція - гармонія природи та естетики. Унікальне поєднання: Живі рожеві троя";"1";"1"
"12242089";"Éclat de Soleil"" - Tournesol et Roses Poudrées";"Éclat de Soleil - це не просто букет, а справжній вибух світла й настрою. Центральною квіткою композиції є соняшник - символ радості, сили та сонячної енергії. Гармонійно доповнений пудровими трояндами, зеленню, декоративною краспедією та брунією, цей букет ідеально підходить для подарунка, що залишає теплі спогади. Ідеально для:- Подарунка коханій людині- Побажань одужання або подяки- Декору інтер’єру- Привітання з днем народження Упаковка: Стильний матовий папір кольору хакі, атласна стрічка, листівка з побажанням (за запитом). Доставка: У Києві - день в день, по Україні - 1-2 дні.";"2225";"49f643e2-7269-42ec-a92d-926d48c13418";"UAH";"Букети";"https://www.nouvelamour.kiev.ua/Media/shop-29325/main page/зображення_viber_2025-08-17_21-25-27-626.jpg";"шт";"999";"Available";"shop/eclat-de-soleil--tournesol-et-roses-poudrees";"Éclat de Soleil"" - Tournesol et Roses Poudrées";"Éclat de Soleil"" - Tournesol et Roses Poudrées. Éclat de Soleil - це не просто букет, а справжній вибух світла й настрою. Центральною квіткою композиції є ";"";"Éclat de Soleil - це не просто букет, а справжній вибух світла й настрою. Центральною квіткою композиції є соняшник - символ радості, сили та сонячної енергії. Гармонійно доповнений пудровими трояндами, зеленню, декоративною краспедією та б";"1";"1"
"salesbox-42a573b2-faea-4403-afa9-53e3fecb5945";"Аудіолистівка з записом голосу — унікальний подарунок, що зберігає емоції назавжди 💖";"Ви коли-небудь хотіли зберегти важливі слова назавжди? 💔➡️💖

Аудіолистівка — це більше, ніж подарунок. Це емоція, яку можна почути знову і знову.

Запишіть свій голос, зізнання, привітання або навіть просте “я тебе люблю” — і подаруйте момент, який залишиться на роки.

✨ ЧОМУ ЦЕ ІДЕАЛЬНИЙ ПОДАРУНОК:

✅ Живий голос, а не просто текст
Передайте справжні емоції — так, як їх неможливо передати словами на папері

✅ До 60 секунд запису
Достатньо, щоб сказати найважливіше

✅ Вау-ефект при відкритті
Листівка відтворює запис — і викликає щирі емоції

✅ Ідеально для будь-якої події
День народження, річниця, 14 лютого або просто без приводу

🎁 КОЛИ ДАРУВАТИ:

💖 Коханій людині
🎂 На день народження
💍 На річницю або весілля
🎄 На свята
👉 Або просто, щоб сказати важливе

      “Як це працює”

Запишіть голос
Ми інтегруємо його в листівку
Ви даруєте — і отримуєте WOW-ефект

⚙️ ХАРАКТЕРИСТИКИ
Тип: аудіолистівка (voice box)
Час запису: до 60 секунд
Формат: запис голосового повідомлення
Дизайн: у формі касети
Призначення: подарунок

Зробіть свій меседж незабутнім!";"399";"c806b779-f962-478a-9c30-4a0095074655";"UAH";"Листівки";"https://www.nouvelamour.kiev.ua/Media/shop-29325/main page/IMG_6533.png";"шт";"9";"Available";"";"Аудіолистівка з записом голосу — унікальний подарунок, що зберігає емоції назавжди 💖";"Аудіолистівка з записом голосу — унікальний подарунок, що зберігає емоції назавжди 💖. Ви коли-небудь хотіли зберегти важливі слова назавжди? 💔➡️💖 Аудіол";"";"Ви коли-небудь хотіли зберегти важливі слова назавжди? 💔➡️💖 Аудіолистівка — це більше, ніж подарунок. Це емоція, яку можна почути знову і знову. Запишіть свій голос, зізнання, привітання або навіть просте “я тебе люблю” — і подаруйте моме";"1";"1"
"13419293";"Букет «Lumière Verte»";" Букет «Lumière Verte» - це символ природної свіжості та витонченості. Кремові троянди, зелені акценти та легка невагомість флористичного оформлення створюють атмосферу спокою та гармонії. Ідеальний подарунок для людей, які цінують елегантність у мінімалізмі. ⚜ У разі відсутності деяких квітів вони можуть бути замінені на ідентичні або дорожчі - за рахунок компанії. Кожен букет супроводжується інструкцією з догляду та спеціальним розчином для збереження свіжості.";"1775";"016dafef-8026-48ee-8d2e-71579e7145f9";"UAH";"Букети";"https://d3og57k1dk4307.cloudfront.net/nouvelflowersnow/original/services/e84f52f7-0c46-44da-b5da-ecb5f75a5c37.jpg";"шт";"999";"Available";"lumiere-verte";"Букет «Lumière Verte»";"Букет «Lumière Verte». Букет «Lumière Verte» - це символ природної свіжості та витонченості. Кремові троянди, зелені акценти та легка невагомість флористич";"";"Букет «Lumière Verte» - це символ природної свіжості та витонченості. Кремові троянди, зелені акценти та легка невагомість флористичного оформлення створюють атмосферу спокою та гармонії. Ідеальний подарунок для людей, які цінують елегантні";"1";"1"
"salesbox-93876591-4a92-422a-ad70-65440647cf20";"Pink Harmony";"Pink Harmony - це повітряна квіткова композиція, створена у найніжніших відтінках рожевого, кремового та білого. Букет поєднує фактурні півонії, витончені ранункулюси, ароматну еустому, садові троянди та делікатні сезонні квіти у фірмовому пакуванні Nouvel Amour Flowers.";"5433";"93876591-4a92-422a-ad70-65440647cf20";"UAH";"Букети";"https://sales-box-photos.s3-eu-central-1.amazonaws.com/nouvelflowersnow/original/services/d4c32f55-d020-4dc4-a827-93bb02a1aa38.jpg";"шт";"999";"Available";"pink-harmony";"Pink Harmony";"Pink Harmony. Pink Harmony - це повітряна квіткова композиція, створена у найніжніших відтінках рожевого, кремового та білого. Букет поєднує фактурні півон";"";"Pink Harmony - це повітряна квіткова композиція, створена у найніжніших відтінках рожевого, кремового та білого. Букет поєднує фактурні півонії, витончені ранункулюси, ароматну еустому, садові троянди та делікатні сезонні квіти у фірмовому ";"1";"1"
"salesbox-8a0362fe-dc52-4ec5-b72d-5e4c00d56ad6";"Lavender Dream";"Відкрийте для себе елегантність та спокій з букетом Lavender Dream. Цей вражаючий букет складається з ніжних лавандових відтінків, що створюють атмосферу легкості та гармонії. Його неповторний колір та текстура нагадають вам про широкі поля лаванди, які розкриваються під теплим сонцем. Ідеально підходить для створення затишної атмосфери в будь-якому інтер'єрі або як стильний подарунок для особливих моментів. Додайте нотку розкоші та спокою у ваше життя з Lavender Dream.";"2880";"8a0362fe-dc52-4ec5-b72d-5e4c00d56ad6";"UAH";"Букети";"https://sales-box-photos.s3-eu-central-1.amazonaws.com/nouvelflowersnow/original/services/a02a3e8f-3aca-4748-b121-7631a902a20b.jpg";"шт";"999";"Available";"lavender-dream";"Lavender Dream";"Lavender Dream. Відкрийте для себе елегантність та спокій з букетом Lavender Dream. Цей вражаючий букет складається з ніжних лавандових відтінків, що створ";"";"Відкрийте для себе елегантність та спокій з букетом Lavender Dream. Цей вражаючий букет складається з ніжних лавандових відтінків, що створюють атмосферу легкості та гармонії. Його неповторний колір та текстура нагадають вам про широкі поля";"1";"1"
"salesbox-28df7cff-7e67-4201-8bc6-4f6760c815eb";"Натуральна соєва свічка Citron & Coco";"Пориньте у справжній оазис свіжості з нашою натуральною соєвою свічкою Citron & Coco. З неперевершеним поєднанням цитрусових ноток та екзотичного кокосу, ця свічка створює атмосферу затишку та релаксації у вашому домі. Виготовлена з високоякісного соєвого воску, вона горить чисто і довго, не виділяючи токсинів. Ідеально підходить для будь-якої кімнати, принесе вам насолоду від аромату та допоможе розслабитися після важкого дня. Насолоджуйтесь якістю та природніми складовими, адже ваша атмосфера заслуговує на найкраще.";"649";"28df7cff-7e67-4201-8bc6-4f6760c815eb";"UAH";"Соєві свічки";"https://sales-box-photos.s3-eu-central-1.amazonaws.com/nouvelflowersnow/original/services/036b903f-a724-4dbb-bd60-4d21b753bd79.jpg";"шт";"25";"Available";"citron-coco";"Натуральна соєва свічка Citron & Coco";"Натуральна соєва свічка Citron & Coco. Пориньте у справжній оазис свіжості з нашою натуральною соєвою свічкою Citron & Coco. З неперевершеним поєднанням ци";"";"Пориньте у справжній оазис свіжості з нашою натуральною соєвою свічкою Citron & Coco. З неперевершеним поєднанням цитрусових ноток та екзотичного кокосу, ця свічка створює атмосферу затишку та релаксації у вашому домі. Виготовлена з високоя";"1";"1"
"salesbox-57d45057-be87-4175-aaba-59e2afce4a04";"Персоналізована стрічка для квітів з вашим текстом";"Додайте особливого шарму своїм квітковим композиціям з нашою персоналізованою стрічкою! Виготовлена з високоякісних матеріалів, ця стрічка дозволяє нанести ваш власний текст, що робить її ідеальним доповненням до букетів на весіллях, днях народження або будь-яких урочистостях. Напишіть ваше повідомлення нам в коментар до замовлення. Висловіть свої почуття словами і зробіть подарунок ще більш значущим!";"250";"57d45057-be87-4175-aaba-59e2afce4a04";"UAH";"Додай індивідуальний підпис";"https://sales-box-photos.s3-eu-central-1.amazonaws.com/nouvelflowersnow/original/services/124e8186-f8bc-4739-a6b2-9762be1f7f76.jpg";"Стрічка";"999";"Available";"";"Персоналізована стрічка для квітів з вашим текстом";"Персоналізована стрічка для квітів з вашим текстом. Додайте особливого шарму своїм квітковим композиціям з нашою персоналізованою стрічкою! Виготовлена з в";"";"Додайте особливого шарму своїм квітковим композиціям з нашою персоналізованою стрічкою! Виготовлена з високоякісних матеріалів, ця стрічка дозволяє нанести ваш власний текст, що робить її ідеальним доповненням до букетів на весіллях, днях н";"1";"1"
"salesbox-21583785-e9c3-4981-89ca-60d7fba2091f";"Натуральна соєва свічка Nouvel Amour Aroma";"Пориньте у світ спокою та затишку з нашою натуральною соєвою свічкою від Nouvel Amour Aroma. Використовуючи лише екологічно чисті інгредієнти, ця свічка дарує тривалий і м'який аромат, створюючи ідеальну атмосферу для релаксації. Завдяки натуральному соєвому воску, свічка горить чисто і довго, не виділяючи шкідливих токсинів у повітря. Оберіть Nouvel Amour Aroma для вашого дому або як ідеальний подарунок для близьких, щоб наповнити їхнє життя ароматом щастя та тепла.";"689";"21583785-e9c3-4981-89ca-60d7fba2091f";"UAH";"Соєві свічки";"https://sales-box-photos.s3-eu-central-1.amazonaws.com/nouvelflowersnow/original/services/d1b25eb7-0e30-4fc3-8fec-5d6aa585c64b.jpg";"шт";"999";"Available";"nouvel-amour-aroma";"Натуральна соєва свічка Nouvel Amour Aroma";"Натуральна соєва свічка Nouvel Amour Aroma. Пориньте у світ спокою та затишку з нашою натуральною соєвою свічкою від Nouvel Amour Aroma. Використовуючи лиш";"";"Пориньте у світ спокою та затишку з нашою натуральною соєвою свічкою від Nouvel Amour Aroma. Використовуючи лише екологічно чисті інгредієнти, ця свічка дарує тривалий і м'який аромат, створюючи ідеальну атмосферу для релаксації. Завдяки на";"1";"1"
"salesbox-2c338780-11f3-4672-8eb3-6e79fdbb62ea";"Авторський букет Tropic - Екзотичний флористичний шедевр";"Внесіть яскраві кольори та тропічну атмосферу у ваше життя з авторським букетом Tropic. Цей унікальний букет складається з витончених тропічних квітів, таких як антуріуми, орхідеї та яскраві пташині квіти, які відображають красу відібрану з найекзотичніших куточків світу. Ідеально підходить для особливих нагод або для того, щоб просто порадувати себе та своїх близьких. Не просто квіти, а справжня композиція мистецтва, яка додасть енергетики та радості в будь-який інтер’єр.";"4500";"2c338780-11f3-4672-8eb3-6e79fdbb62ea";"UAH";"Букети";"https://sales-box-photos.s3-eu-central-1.amazonaws.com/nouvelflowersnow/original/services/45cbe0e5-9dbe-4050-a691-909444f333cd.jpg";"шт";"999";"Available";"tropic";"Авторський букет Tropic - Екзотичний флористичний шедевр";"Авторський букет Tropic - Екзотичний флористичний шедевр. Внесіть яскраві кольори та тропічну атмосферу у ваше життя з авторським букетом Tropic. Цей уніка";"";"Внесіть яскраві кольори та тропічну атмосферу у ваше життя з авторським букетом Tropic. Цей унікальний букет складається з витончених тропічних квітів, таких як антуріуми, орхідеї та яскраві пташині квіти, які відображають красу відібрану з";"1";"1"
"AS0125";"Арома свічка соєва The Blanc";"The Blanc - аромасвічка з благородним, чистим і дуже зібраним характером. Її настрій читається як світлий інтер’єр, тиша, доглянутий простір і відчуття внутрішнього балансу. Це аромат для тих, хто обирає не гучну солодкість, а стриману елегантність, м’яке звучання і відчуття luxury everyday. Свічка красиво доповнює дім, спальню, вітальню, салон або робочий простір, створюючи атмосферу чистоти, спокою і витонченого смаку.

Стиль аромату:
чистий, зелений, делікатний, преміальний

Настрій:
спокій, чистота, баланс, тиха розкіш

Для кого:
для себе, на подарунок, для дому, для офісу, для салону

Привід:
подарунок без приводу, новосілля, день народження, комплімент, декор для дому";"700";"8ddacf0b-bcc9-4057-a8e3-e9b08e216c16";"UAH";"Соєві свічки";"https://sales-box-photos.s3-eu-central-1.amazonaws.com/nouvelflowersnow/original/services/e7b36d75-5e0e-4297-9bcb-f7aead2fe1fa.jpg";"шт";"999";"Available";"the-blanc";"Арома свічка соєва The Blanc";"Арома свічка соєва The Blanc. The Blanc - аромасвічка з благородним, чистим і дуже зібраним характером. Її настрій читається як світлий інтер’єр, тиша, дог";"";"The Blanc - аромасвічка з благородним, чистим і дуже зібраним характером. Її настрій читається як світлий інтер’єр, тиша, доглянутий простір і відчуття внутрішнього балансу. Це аромат для тих, хто обирає не гучну солодкість, а стриману елег";"1";"1"
"salesbox-2ae2a93a-cb64-4672-b669-7ad2af640181";"Ніжний рожевий букет";"Цей вишуканий ніжний рожевий букет створений з різноманітних квітів, які підкреслять будь-яку подію. Гармонійне поєднання ніжних відтінків рожевого та м'яких зелених листів надає композиції елегантності та шарму. Ідеальний варіант для подарунку на день народження, ювілей або просто без приводу. Кожен букет збирається вручну з любов'ю, що робить його унікальним. Порадуйте себе чи своїх близьких цим квітковим шедевром!";"1799";"2ae2a93a-cb64-4672-b669-7ad2af640181";"UAH";"Букети";"https://sales-box-photos.s3-eu-central-1.amazonaws.com/nouvelflowersnow/original/services/87ea8b3c-58ed-47e4-9490-b802db807339.jpg";"шт";"999";"Available";"";"Ніжний рожевий букет";"Ніжний рожевий букет. Цей вишуканий ніжний рожевий букет створений з різноманітних квітів, які підкреслять будь-яку подію. Гармонійне поєднання ніжних відт";"";"Цей вишуканий ніжний рожевий букет створений з різноманітних квітів, які підкреслять будь-яку подію. Гармонійне поєднання ніжних відтінків рожевого та м'яких зелених листів надає композиції елегантності та шарму. Ідеальний варіант для подар";"1";"1"
"salesbox-fa8a88b1-b08b-4d20-80d3-6c90e18865ae";"Букет Éternelle Tendresse ";"Букет «Éternelle Tendresse» – це втілення ніжності та витонченої елегантності. Ніжні квіти у відтінках пастельно-рожевого та чисто-білого гармонійно поєднані у стильну композицію, яка символізує любов, турботу та щирі почуття. Упакований у матовий дизайнерський папір та перев’язаний атласною стрічкою, цей букет стане ідеальним подарунком для дня народження, весілля, річниці чи як витончений жест уваги.
✨ Переваги:
Сучасний і вишуканий флористичний дизайн
Професійне складання для довшої свіжості
Універсальний подарунок для будь-якої нагоди
⚠️ Важливо:
У разі відсутності деяких квітів, вони можуть бути замінені на аналогічні або дорожчі без доплати з вашого боку.
До кожного букета додається інструкція з догляду та спеціальний засіб для продовження свіжості квітів.";"2499";"fa8a88b1-b08b-4d20-80d3-6c90e18865ae";"UAH";"Букети";"https://d3og57k1dk4307.cloudfront.net/nouvelflowersnow/original/services/bd55690d-d768-4e1e-b6da-fc82dd06e738.jpg";"шт";"999";"Available";"eternelle-tendresse";"Букет Éternelle Tendresse ";"Букет Éternelle Tendresse . Букет «Éternelle Tendresse» – це втілення ніжності та витонченої елегантності. Ніжні квіти у відтінках пастельно-рожевого та чи";"";"Букет «Éternelle Tendresse» – це втілення ніжності та витонченої елегантності. Ніжні квіти у відтінках пастельно-рожевого та чисто-білого гармонійно поєднані у стильну композицію, яка символізує любов, турботу та щирі почуття. Упакований у ";"1";"1"
"salesbox-553ad84a-81ec-432f-baed-53178d3723e0";"Poudre d’Amour";"Poudre d’Amour - це композиція з делікатним характером, у якій поєднуються пудрово-рожеві відтінки, свіжа зелень і салонна подача. Вона виглядає дорого, ніжно та дуже естетично, тому ідеально підходить для моментів, коли хочеться подарувати красу без зайвих слів. Фірмова коробка додає композиції завершеності й робить її особливо зручною для подарунка. Такий формат завжди читається як готовий жест уваги, турботи та смаку.

Увага: у разі відсутності окремих квітів у наявності, вони можуть бути замінені на ідентичні, аналогічні або дорожчі за наш рахунок. При цьому ми обов’язково зберігаємо ідентичність, форму, стилістику та кольорову гаму композиції.";"2955";"553ad84a-81ec-432f-baed-53178d3723e0";"UAH";"Квіти в коробках";"https://sales-box-photos.s3-eu-central-1.amazonaws.com/nouvelflowersnow/original/services/d5459454-ed3c-4036-b99e-6f7948b5dfff.jpg";"шт";"999";"Available";"poudre-d-amour";"Poudre d’Amour";"Poudre d’Amour. Poudre d’Amour - це композиція з делікатним характером, у якій поєднуються пудрово-рожеві відтінки, свіжа зелень і салонна подача. Вона виг";"";"Poudre d’Amour - це композиція з делікатним характером, у якій поєднуються пудрово-рожеві відтінки, свіжа зелень і салонна подача. Вона виглядає дорого, ніжно та дуже естетично, тому ідеально підходить для моментів, коли хочеться подарувати";"1";"1"
"salesbox-504623f0-05de-4c44-94a1-cea753ed93e5";"Porcelaine d’Été";"Porcelaine d’Été - це букет з дуже тонким настроєм, у якому поєднуються ніжність, свіже повітря кольору та делікатна фактура. Небесно-блакитні відтінки, м’які кремові квіти й дрібні акценти створюють відчуття легкості, спокою та дорогої флористичної роботи. Такий букет виглядає вишукано, сучасно й ненав’язливо розкішно. Він ідеально підійде для ніжного привітання, особливого жесту уваги або подарунка людині, яка цінує естетику, чисті кольори та нестандартну подачу.

Увага: у разі відсутності окремих квітів у наявності, вони можуть бути замінені на ідентичні, аналогічні або дорожчі за наш рахунок. При цьому ми обов’язково зберігаємо ідентичність, форму, стилістику та кольорову гаму букета.";"1840";"504623f0-05de-4c44-94a1-cea753ed93e5";"UAH";"Букети";"https://sales-box-photos.s3-eu-central-1.amazonaws.com/nouvelflowersnow/original/services/d4d7c817-3021-4f3a-91d5-3b29d3fb5521.jpg";"шт";"999";"Available";"porcelaine-d-ete";"Porcelaine d’Été";"Porcelaine d’Été. Porcelaine d’Été - це букет з дуже тонким настроєм, у якому поєднуються ніжність, свіже повітря кольору та делікатна фактура. Небесно-бла";"";"Porcelaine d’Été - це букет з дуже тонким настроєм, у якому поєднуються ніжність, свіже повітря кольору та делікатна фактура. Небесно-блакитні відтінки, м’які кремові квіти й дрібні акценти створюють відчуття легкості, спокою та дорогої фло";"1";"1"
"salesbox-bedd4ba3-451f-4aa0-8c88-6aac62b9e2be";"Діонея в горщику – Небесний Хижак для Вашого Дому";"Діонея, також відома як рослина-молода леді або мухоловка, тепер доступна у стильному горщику! Ця дивовижна рослина не лише прикрашає ваш інтер'єр, але й очищує повітря, ловлячи комах завдяки своїм кумедним ловчим листям. Ідеальна для любителів рослин, які бажають додати щось незвичайне до своєї колекції. Діонея потребує яскравого природного світла та помірного поливу, що робить її чудовим вибором навіть для новачків у світі рослин. Перетворіть свій дім на маленький тропічний рай з цією унікальною рослиною!";"600";"bedd4ba3-451f-4aa0-8c88-6aac62b9e2be";"UAH";"Кімнатні рослини";"https://sales-box-photos.s3-eu-central-1.amazonaws.com/nouvelflowersnow/original/services/c1bc5b93-5a2c-4f6f-8db2-9331c058e613.jpg";"шт";"999";"Available";"";"Діонея в горщику – Небесний Хижак для Вашого Дому";"Діонея в горщику – Небесний Хижак для Вашого Дому. Діонея, також відома як рослина-молода леді або мухоловка, тепер доступна у стильному горщику! Ця дивови";"";"Діонея, також відома як рослина-молода леді або мухоловка, тепер доступна у стильному горщику! Ця дивовижна рослина не лише прикрашає ваш інтер'єр, але й очищує повітря, ловлячи комах завдяки своїм кумедним ловчим листям. Ідеальна для любит";"1";"1"
"salesbox-450e8c5b-a91c-4f68-b378-72877b92123d";" букет Crystal";"Відчуйте елегантність і простоту з нашим світлим мінімалістичним букетом 'crystal. Цей букет ідеально підійде для тих, хто цінує легкість та стриманий стиль. Завдяки поєднанню ніжних кольорів і лаконичних форм, він додає вашому простору відчуття чистоти та статусу. Дозвольте цьому букету стати акцентом вашого інтер'єру та подарувати неймовірний вау-ефект!";"1980";"450e8c5b-a91c-4f68-b378-72877b92123d";"UAH";"Букети";"https://sales-box-photos.s3-eu-central-1.amazonaws.com/nouvelflowersnow/original/services/b407a645-f57c-4ef4-80f1-437bdb392c03.jpg";"шт";"999";"Available";"crystal";" букет Crystal";"букет Crystal. Відчуйте елегантність і простоту з нашим світлим мінімалістичним букетом 'crystal. Цей букет ідеально підійде для тих, хто цінує легкість та";"";"Відчуйте елегантність і простоту з нашим світлим мінімалістичним букетом 'crystal. Цей букет ідеально підійде для тих, хто цінує легкість та стриманий стиль. Завдяки поєднанню ніжних кольорів і лаконичних форм, він додає вашому простору від";"1";"1"
"10685942";"Аромадифузер Sweet Peony";"Аромадифузер з ароматом ""Sweet Peony"" зазвичай має ніжний, квітковий запах, що імітує аромат півоній. Півонії відомі своїм солодким та свіжим ароматом, який часто використовують у парфумерії та продуктах для дому заспокійливу атмосферу.";"450";"39466c5e-9676-473c-a551-4a13e526a901";"UAH";"Ароматичні дифузери";"https://www.nouvelamour.kiev.ua/Media/shop-29325/арома/photoroom_031_20240807_020036.jpeg";"шт";"999";"Available";"shop/aromadifuzator-sweet-peony";"Аромадифузер Sweet Peony";"Аромадифузер Sweet Peony. Аромадифузер з ароматом ""Sweet Peony"" зазвичай має ніжний, квітковий запах, що імітує аромат півоній. Півонії відомі своїм солодк";"";"Аромадифузер з ароматом ""Sweet Peony"" зазвичай має ніжний, квітковий запах, що імітує аромат півоній. Півонії відомі своїм солодким та свіжим ароматом, який часто використовують у парфумерії та продуктах для дому заспокійливу атмосферу.";"1";"1"
"10832808";"Арома Лампа Gold view";"Арома лампа Gold View - це стильний і функціональний аксесуар для вашого дому. Її дизайн включає керамічну тарілочку, що служить для нагрівання ароматичних олій або саше, наповнюючи приміщення приємним ароматом. Особливості арома лампи: 1 Кераміка + метал відзначається своєю довговічністю та естетичністю. 2. Сучасний та мінімалістичний вигляд підходить до будь-якого інтер'єру. 3. Підходить як для рідких ароматичних олій, так і сухих саше. 4. **Ефективність:** Нагріваючи тарілочку з аромамаслом або саше, вона поступово випускає насичені запахи в повітря. 5. Простота конструкції робить її безпечною у використанні вдома чи в офісі. Спосіб застосування: - Налийте кілька крапель вашої улюбленої ефірної олії на керамічну тарілочку або помістіть зверху саше. - запаліть свічку всередині підставки, щоб почати процес нагрівання. - Насолоджуйтеся атмосферою затишку й релаксації завдяки обраному аромату. Цей виріб стане чудовим подарунком як собі, так і близьким людям!";"690";"5edc7ad9-47d3-44f5-bf53-493978618098";"UAH";"Декор та подарунки";"https://www.nouvelamour.kiev.ua/Media/shop-29325/мак/81e86cb5-36d0-4afe-be2c-c445ddd8a011.webp";"шт";"999";"Available";"shop/aroma-lampa-gold-view";"Арома Лампа Gold view";"Арома Лампа Gold view. Арома лампа Gold View - це стильний і функціональний аксесуар для вашого дому. Її дизайн включає керамічну тарілочку, що служить для";"";"Арома лампа Gold View - це стильний і функціональний аксесуар для вашого дому. Її дизайн включає керамічну тарілочку, що служить для нагрівання ароматичних олій або саше, наповнюючи приміщення приємним ароматом. Особливості арома лампи: 1 К";"1";"1"
"10939410";"Аромадифузер ""Nouvel Amour Aroma"" Oakmoss & Amber";"Насичений і глибокий аромат Oakmoss & Amber від Nouvel Amour Aroma -наповнює простір теплом бурштину, деревним мохом і легкими мускусними нотами. Ідеально для інтер’єру, що потребує затишку й гармонії.Дифузор працює без вогню та електрики. Паличок вистачає на 30-45 днів аромату.Обʼєм: 50мл. Натуральні складові Candlesciese виготовлено за сертефікатом IFRAЗастосування: спальня, вітальня, офіс, салон.";"450";"b8fc743e-1461-4956-9c09-fd060b7e4f5d";"UAH";"Ароматичні дифузери";"https://www.nouvelamour.kiev.ua/Media/shop-29325/мак/Photoroom_041_20241107_093710.png";"шт";"999";"Available";"shop/oakmoss-amber-aroma-diffuser";"Аромадифузер ""Nouvel Amour Aroma"" Oakmoss & Amber";"Аромадифузер ""Nouvel Amour Aroma"" Oakmoss & Amber. Насичений і глибокий аромат Oakmoss & Amber від Nouvel Amour Aroma -наповнює простір теплом бурштину, де";"";"Насичений і глибокий аромат Oakmoss & Amber від Nouvel Amour Aroma -наповнює простір теплом бурштину, деревним мохом і легкими мускусними нотами. Ідеально для інтер’єру, що потребує затишку й гармонії.Дифузор працює без вогню та електрики. ";"1";"1"
"11153904";"Éclat Botanique - Тіландсія Аніта в керамічному горщику";"Éclat Botanique - це стильна та мінімалістична тиландсія Аніта в керамічному горщику, яка ідеально підходить для сучасного інтер'єру. Її вишукані вигнуті листя та яскрава рожево-фіолетова серцевина привертають увагу з першого погляду. Ця рослина не тільки прикрашає простір, а й наповнює його спокоєм і природною гармонією.  Компактний розмір горщика 9 см дозволяє розмістити тиландсію навіть у найменшому просторі - на письмовому столі, підвіконні або поличці. Невибаглива у догляді, ідеальна для зайнятих людей або тих, хто тільки починає знайомство з кімнатними рослинами. Характеристики / Specifications Тип: кімнатна рослина / indoor plant Сорт: Тіландсія Аніта / Tillandsia Anita Горщик: керамічний, білий, 9 см Догляд: помірне освітлення, обприскування 2-3 рази на тиждень Упаковка: подарункова, з рекомендаціями по догляду Рекомендовано: для дому, офісу, подарунків";"550";"d91c70d6-6031-4efc-bec6-99ba8e159fb0";"UAH";"";"https://www.nouvelamour.kiev.ua/Media/shop-29325/placeholder-1.jpeg,https://www.nouvelamour.kiev.ua/Media/shop-29325/placeholder(1)-1.jpeg,https://www.nouvelamour.kiev.ua/Media/shop-29325/placeholder(2)-1.jpeg";"шт";"999";"Unavailable";"shop/eclat-botanique--tilandsiya-anita-v-keramichnomu-gorschiku";"Éclat Botanique - Тіландсія Аніта в керамічному горщику";"Éclat Botanique - Тіландсія Аніта в керамічному горщику. Éclat Botanique - це стильна та мінімалістична тиландсія Аніта в керамічному горщику, яка ідеально";"";"Éclat Botanique - це стильна та мінімалістична тиландсія Аніта в керамічному горщику, яка ідеально підходить для сучасного інтер'єру. Її вишукані вигнуті листя та яскрава рожево-фіолетова серцевина привертають увагу з першого погляду. Ця ро";"1";"1"
"11267339";"Іграшка Stitch Étoile";"Познайомтесь із Stitch Étoile - ексклюзивною м’якою іграшкою з офіційної колекції Disneyland. Ідеальний розмір 30 см дозволяє взяти його з собою всюди - у подорож, до дитячого садка чи залишити вдома як милу прикрасу інтер’єру. Цей милий синій герой зачаровує не лише дітей, а й дорослих. Його ніжний плюш, безпечні матеріали та якісний пошив гарантують довговічність і максимальний комфорт. Подаруйте емоції: чудовий варіант для сюрпризу, свята або просто так - без приводу. Сертифікована якість. Ексклюзивний діснеївський дизайн.";"1500";"dd501cb4-afbd-4aef-99bb-4736a4bcc8cf";"UAH";"Іграшки";"https://www.nouvelamour.kiev.ua/Media/shop-29325/unnamed_(2).png";"шт";"999";"Available";"shop/stitch-plush-disney-30cm";"Іграшка Stitch Étoile";"Іграшка Stitch Étoile. Познайомтесь із Stitch Étoile - ексклюзивною м’якою іграшкою з офіційної колекції Disneyland. Ідеальний розмір 30 см дозволяє взяти ";"";"Познайомтесь із Stitch Étoile - ексклюзивною м’якою іграшкою з офіційної колекції Disneyland. Ідеальний розмір 30 см дозволяє взяти його з собою всюди - у подорож, до дитячого садка чи залишити вдома як милу прикрасу інтер’єру. Цей милий си";"1";"1"
"11272672";"Автопарфум Nouvel Amour Aroma Tabacco Vanille";"Створіть атмосферу розкоші у вашому авто з автопарфумом Aroma ""Tobacco Vanilla"". Преміальний аромат, натуральні інгредієнти, ручна робота в Україні. Ідеальний подарунок для поціновувачів. Ароматизатор для авто з преміальним ароматом Tobacco Vanilla. Створено вручну в Україні. Якісний дерев'яний ковпачок, стильний дизайн, довготривалий ефект. Зустрічайте аромапарфум нового покоління - Aroma Car Diffuser ""Tobacco Vanilla"". Це не просто ароматизатор, а аксесуар, що перетворює кожну поїздку в приємну подорож.  Преміальна якість: виготовлений з натуральних есенцій Сертифіковане українське виробництво Елегантний дизайн: дерев’яний ковпачок + скляний флакон Легке кріплення на дзеркало чи решітку печі Підходить як подарунок  Аромат ""Tobacco Vanilla"" - глибокий, теплий, з нотами спецій і деревини. Підходить як для чоловіків, так і для жінок.";"280";"7c1c1e51-3380-4dfc-94fc-583b4d5e0fbe";"UAH";"Автомобільні дифузери";"https://d3og57k1dk4307.cloudfront.net/nouvelflowersnow/original/services/312f7265-2a55-40db-89b3-b6881c1b4cf3.jpg";"шт";"999";"Available";"nouvel-amour-aroma-tabacco-vanille";"Автопарфум Nouvel Amour Aroma Tabacco Vanille";"Автопарфум Nouvel Amour Aroma Tabacco Vanille. Створіть атмосферу розкоші у вашому авто з автопарфумом Aroma ""Tobacco Vanilla"". Преміальний аромат, натурал";"";"Створіть атмосферу розкоші у вашому авто з автопарфумом Aroma ""Tobacco Vanilla"". Преміальний аромат, натуральні інгредієнти, ручна робота в Україні. Ідеальний подарунок для поціновувачів. Ароматизатор для авто з преміальним ароматом Tobacco";"1";"1"
"12242556";"Bouquet ""Douceur Pastel"" - Hydrangeas, Roses & Lisianthus";"Douceur Pastel - це ніжність у кожній пелюстці. У центрі - об’ємна рожева гортензія, яку доповнюють кремові та пудрові троянди, еустома, зелені акценти та витончене сезонне наповнення. Все це - у розкішному матовому рожево-бежевому пакуванні з атласною стрічкою. Букет ідеально підійде для визнання в почуттях, подяки чи натхнення. Коли дарувати: Пропозиція руки та серця День матері День народження або ювілей Просто сказати: “Ти важлива для мене” Упаковка: Матова дизайнерська обгортка, ніжна стрічка, листівка за бажанням Доставка: по Києву - день в день, по Україні - 1-2 дні";"2399";"8c7f73f9-badd-4b62-b74b-14ec5dae39c4";"UAH";"Букети";"https://www.nouvelamour.kiev.ua/Media/shop-29325/main page/зображення_viber_2025-08-17_21-25-28-104.jpg";"шт";"999";"Available";"shop/bouquet-douceur-pastel--hydrangeas-roses--lisianthus";"Bouquet ""Douceur Pastel"" - Hydrangeas, Roses & Lisianthus";"Bouquet ""Douceur Pastel"" - Hydrangeas, Roses & Lisianthus. Douceur Pastel - це ніжність у кожній пелюстці. У центрі - об’ємна рожева гортензія, яку доповню";"";"Douceur Pastel - це ніжність у кожній пелюстці. У центрі - об’ємна рожева гортензія, яку доповнюють кремові та пудрові троянди, еустома, зелені акценти та витончене сезонне наповнення. Все це - у розкішному матовому рожево-бежевому пакуванн";"1";"1"
"12242561";"Плюшевий котик ""Tom"" сидячий";"устрічайте котика Tom - ніжного, м’якого та дуже обіймального!Ідеальний подарунок для дітей, закоханих або просто для створення затишку вдома. Вишукане бежеве хутро, виразні оченята та дерев’яне сердечко з написом “Sweet Cat” створюють особливу атмосферу турботи. Іграшка має сидяче положення, що зручно для декору кімнати або полички. Розмір: 30 смМатеріал: поліестер, безпечний для дітейОсобливості: сидяча форма, м’яке наповнення, сердечко з написомВік: від 3 роківПакування: подарунковий пакет за бажанням";"650";"cadd21c7-e8bb-466e-bfda-b5e1b7897519";"UAH";"";"https://www.nouvelamour.kiev.ua/Media/shop-29325/main page/_grashka_pol_esterna_kotik_tom_sidyachiy_b_liy_bezh_30sm_.webp";"шт";"999";"Available";"shop/plyusheviy-kotik-tom-sidyachiy";"Плюшевий котик ""Tom"" сидячий";"Плюшевий котик ""Tom"" сидячий. устрічайте котика Tom - ніжного, м’якого та дуже обіймального!Ідеальний подарунок для дітей, закоханих або просто для створен";"";"устрічайте котика Tom - ніжного, м’якого та дуже обіймального!Ідеальний подарунок для дітей, закоханих або просто для створення затишку вдома. Вишукане бежеве хутро, виразні оченята та дерев’яне сердечко з написом “Sweet Cat” створюють особ";"1";"1"
"12242985";"Purple Elegance";"Purple Elegance - втілення розкоші та ніжності у квітах. Фіолетові гортензії, соковиті рожеві жоржини, витончені калли та сезонна зелень створюють гармонійну і стильну композицію. Упаковка у відтінку сливи з атласною стрічкою робить букет ще більш вишуканим. Коли дарувати: Весілля або ювілей День народження Романтичний сюрприз Офіційні привітання -У разі відсутності певних квітів, вони можуть бути замінені на ідентичні за стилем та якістю, навіть якщо їхня вартість вища. Ми завжди зберігаємо кольорову гаму, структуру та загальний вигляд композиції, щоб букет виглядав так само гармонійно та розкішно.";"2050";"141a1a54-9ec8-45a8-89be-a4ea4ea8057f";"UAH";"Букети";"https://www.nouvelamour.kiev.ua/Media/shop-29325/main page/зображення_viber_2025-08-17_21-25-27-849.jpg";"шт";"999";"Available";"shop/purple-elegance";"Purple Elegance";"Purple Elegance. Purple Elegance - втілення розкоші та ніжності у квітах. Фіолетові гортензії, соковиті рожеві жоржини, витончені калли та сезонна зелень с";"";"Purple Elegance - втілення розкоші та ніжності у квітах. Фіолетові гортензії, соковиті рожеві жоржини, витончені калли та сезонна зелень створюють гармонійну і стильну композицію. Упаковка у відтінку сливи з атласною стрічкою робить букет щ";"1";"1"
"12506342";"Éternelle Tendresse";"Букет «Éternelle Tendresse» - це втілення ніжності та витонченої елегантності. Ніжні квіти у відтінках пастельно-рожевого та чисто-білого гармонійно поєднані у стильну композицію, яка символізує любов, турботу та щирі почуття. Упакований у матовий дизайнерський папір та перев’язаний атласною стрічкою, цей букет стане ідеальним подарунком для дня народження, весілля, річниці чи як витончений жест уваги. ✨ Переваги: Сучасний і вишуканий флористичний дизайн Професійне складання для довшої свіжості Універсальний подарунок для будь-якої нагоди ⚠️ Важливо:У разі відсутності деяких квітів, вони можуть бути замінені на аналогічні або дорожчі без доплати з вашого боку.До кожного букета додається інструкція з догляду та спеціальний засіб для продовження свіжості квітів.";"2500";"99396ee7-a9a0-4af9-8c3b-d7e271205938";"UAH";"Букети";"https://www.nouvelamour.kiev.ua/Media/shop-29325/main page/IMG_6493.png";"шт";"999";"Available";"shop/eternelle-tendresse";"Éternelle Tendresse";"Éternelle Tendresse. Букет «Éternelle Tendresse» - це втілення ніжності та витонченої елегантності. Ніжні квіти у відтінках пастельно-рожевого та чисто-біл";"";"Букет «Éternelle Tendresse» - це втілення ніжності та витонченої елегантності. Ніжні квіти у відтінках пастельно-рожевого та чисто-білого гармонійно поєднані у стильну композицію, яка символізує любов, турботу та щирі почуття. Упакований у ";"1";"1"
"13281888";"Антуріум Розе - Екзотичний Квітковий Скарб";"Знайомтесь з Антуріумом Розе, витонченим і екзотичним рослиною, яка стане справжньою окрасою вашого інтер'єру. Ця рослина вражає своїми яскравими квітами у формі серця та яскравим листям, що додає нотки елегантності до будь-якого приміщення. Антуріум Розе є відмінним вибором для романтиків, адже його квіти символізують любов і пристрасть. Простий у догляді, він підходить навіть для новачків у садівництві. Ідеальний для розміщення на підвіконні або у вазі на столі. Подаруйте собі або близьким шматочок тропіків з Антуріумом Розе!";"900";"5cf46e1d-ffe2-42f3-b1c5-b787b2cc4886";"UAH";"Кімнатні рослини";"https://www.nouvelamour.kiev.ua/Media/shop-29325/main page/Folder/лілі.webp";"шт";"999";"Available";"shop/anturium-rose";"Антуріум Розе - Екзотичний Квітковий Скарб";"Антуріум Розе - Екзотичний Квітковий Скарб. Знайомтесь з Антуріумом Розе, витонченим і екзотичним рослиною, яка стане справжньою окрасою вашого інтер'єру. ";"";"Знайомтесь з Антуріумом Розе, витонченим і екзотичним рослиною, яка стане справжньою окрасою вашого інтер'єру. Ця рослина вражає своїми яскравими квітами у формі серця та яскравим листям, що додає нотки елегантності до будь-якого приміщення";"1";"1"
"13281890";"Антуріум Black";"Антуріум блек";"1800";"bdc338c3-18c0-4aa8-9480-e0ee24720d4c";"UAH";"Кімнатні рослини";"https://www.nouvelamour.kiev.ua/Media/shop-29325/main page/Folder/full_50d13d47-7d2e-4a4e-afab-b5b423358aa3_4d32b8cc-9415-4a96-b8b3-481ff25c1cf7.webp";"шт";"999";"Available";"shop/anturium-black";"Антуріум Black";"Антуріум Black. Антуріум блек";"";"Антуріум блек";"1";"1"
"13646979";"Букет “Éclat de Douceur”";"Ніжний букет у пастельних відтінках із рожевими лізіантусами, білими трояндами та евкаліптом. Втілення витонченості й гармонії - ідеальний подарунок для людини, яку хочеться обійняти поглядом. Оформлений у світло-рожеву упаковку, створений для моментів ніжності. У разі відсутності певних квітів флорист може замінити їх на аналогічні або вищого цінового класу, не змінюючи колірну гаму та форму композиції. До кожного букету додається інструкція з догляду та підживка у воду для продовження свіжості квітів.";"1900";"5f9205a8-cda3-461d-8c03-42ee1fb0e81e";"UAH";"Букети";"https://www.nouvelamour.kiev.ua/Media/shop-29325/Photoroom_20251022_143641.png";"шт";"999";"Available";"shop/buket-eclat-de-douceur";"Букет “Éclat de Douceur”";"Букет “Éclat de Douceur”. Ніжний букет у пастельних відтінках із рожевими лізіантусами, білими трояндами та евкаліптом. Втілення витонченості й гармонії - ";"";"Ніжний букет у пастельних відтінках із рожевими лізіантусами, білими трояндами та евкаліптом. Втілення витонченості й гармонії - ідеальний подарунок для людини, яку хочеться обійняти поглядом. Оформлений у світло-рожеву упаковку, створений ";"1";"1"
"draft-20260511184648-bx2rxm";"Petit Calin";"М'яке ведмежа у теплому бежевому відтінку має пухнасту фактуру та охайний декоративний шнурок на шиї. Така іграшка додає подарунку більше ніжності й домашнього тепла та добре звучить як окремий жест або мила деталь до квітів.";"650";"TY-165500";"UAH";"Іграшки";"https://res.cloudinary.com/dzvdtiolo/image/upload/v1778525209/nouvel-amour/products/draft-20260511184648-bx2rxm.jpg";"шт";"999";"Available";"petit-calin";"Petit Calin";"Petit Calin. М'яке ведмежа у теплому бежевому відтінку має пухнасту фактуру та охайний декоративний шнурок на шиї. Така іграшка додає подарунку більше ніжн";"";"М'яке ведмежа у теплому бежевому відтінку має пухнасту фактуру та охайний декоративний шнурок на шиї. Така іграшка додає подарунку більше ніжності й домашнього тепла та добре звучить як окремий жест або мила деталь до квітів.";"1";"1"
"draft-20260511190420-ez4g2c";"Petit Etoile";"М'яке ведмежа у теплому карамельному відтінку доповнене намистом із кольоровими елементами та зірочкою. Приємна на дотик іграшка додає подарунку домашнього тепла й м'якого, турботливого настрою.";"690";"TY-907307";"UAH";"Іграшки";"https://res.cloudinary.com/dzvdtiolo/image/upload/v1778526265/nouvel-amour/products/draft-20260511190420-ez4g2c.jpg";"шт";"999";"Available";"petit-etoile";"Petit Etoile";"Petit Etoile. М'яке ведмежа у теплому карамельному відтінку доповнене намистом із кольоровими елементами та зірочкою. Приємна на дотик іграшка додає подару";"";"М'яке ведмежа у теплому карамельному відтінку доповнене намистом із кольоровими елементами та зірочкою. Приємна на дотик іграшка додає подарунку домашнього тепла й м'якого, турботливого настрою.";"1";"1"
"11272622";"Автопарфум LOST CHERY";"Автопарфум LOST CHERY - ароматичний товар Nouvel Amour для дому, подарунка або доповнення до квітів. Додає атмосферу, стиль і завершеність композиції.";"280";"18759c62-7568-4928-81e0-91b7ca1ea4aa";"UAH";"Арома товари";"https://d3og57k1dk4307.cloudfront.net/nouvelflowersnow/original/services/ced756c7-1cf2-407e-b600-5a096a06feba.png";"шт";"999";"Available";"https://www.nouvelamour.kiev.ua/shop/avtoparfum-lost-chery/";"Автопарфум LOST CHERY";"Автопарфум LOST CHERY. Автопарфум LOST CHERY - ароматичний товар Nouvel Amour для дому, подарунка або доповнення до квітів. Додає атмосферу, стиль і заверш";"";"Автопарфум LOST CHERY - ароматичний товар Nouvel Amour для дому, подарунка або доповнення до квітів. Додає атмосферу, стиль і завершеність композиції.";"1";"1"
"salesbox-b2896209-ad18-428d-967d-654304a4c084";"Букет Élixir d’Amour";"Букет Élixir d’Amour now";"1970";"b2896209-ad18-428d-967d-654304a4c084";"UAH";"Квіти в коробках";"https://d3og57k1dk4307.cloudfront.net/nouvelflowersnow/original/services/c6288fdb-3c4d-4a3c-b50e-7a3ea06bad90.jpg";"шт";"999";"Available";"elixir-d-amour";"Букет Élixir d’Amour";"Букет Élixir d’Amour. Букет Élixir d’Amour now";"";"Букет Élixir d’Amour now";"1";"1"
"salesbox-72e68193-7e7b-4c28-b3f7-f4960c531c30";"Букет Ivory Silence";"Ivory Silence - це про спокій, який відчувається з першого погляду. Світла, витримана композиція в кремово-білих тонах створює відчуття чистоти, легкості та впевненого смаку.

Це букет для тих, хто обирає стриману естетику замість гучних рішень.
Він не привертає увагу - він формує враження.";"1960";"72e68193-7e7b-4c28-b3f7-f4960c531c30";"UAH";"Букети";"https://d3og57k1dk4307.cloudfront.net/nouvelflowersnow/original/services/4fe70638-09b2-4e67-828b-afa2e07b8629.png";"шт";"999";"Available";"ivory-silence";"Букет Ivory Silence";"Букет Ivory Silence. Ivory Silence - це про спокій, який відчувається з першого погляду. Світла, витримана композиція в кремово-білих тонах створює відчутт";"";"Ivory Silence - це про спокій, який відчувається з першого погляду. Світла, витримана композиція в кремово-білих тонах створює відчуття чистоти, легкості та впевненого смаку. Це букет для тих, хто обирає стриману естетику замість гучних ріш";"1";"1"
"codex-api-test-20260511123356";"TEST Codex API";"Технічний тест публікації SalesBox API. Товар створений як недоступний для продажу і призначений лише для перевірки інтеграції.";"1";"codex-api-test-20260511123356";"UAH";"Декор та подарунки";"https://www.nouvelamour.kiev.ua/Media/shop-29325/main%20page/b4.jpg";"шт";"999";"Unavailable";"test-codex-api";"TEST Codex API";"TEST Codex API. Технічний тест публікації SalesBox API. Товар створений як недоступний для продажу і призначений лише для перевірки інтеграції.";"";"Технічний тест публікації SalesBox API. Товар створений як недоступний для продажу і призначений лише для перевірки інтеграції.";"1";"1"
